condition,inputs,target,context distance,results,coded response,ce loss
MATCH_NO_FOIL,"(array([1., 0., 0., 0., 0., 0., 0., 0.]), array([1., 0., 0., 0., 0., 0., 0., 0.]), array([9.34825422e-01, 1.32689802e-03, 2.99123326e-03, 1.11280936e-03,
       1.10778137e-02, 6.77773474e-03, 5.37095647e-03, 1.00215685e-02,
       5.45944828e-03, 1.49027777e-02, 1.57803722e-02, 1.04005882e-02,
       3.46115889e-02, 4.83490282e-02, 1.10904772e-01, 5.20212837e-02,
       8.10356838e-02, 5.57486517e-02, 5.53008289e-02, 6.90472282e-02,
       3.55243854e-01, 2.15036882e-01, 7.41144749e-01, 4.91226813e-01,
       7.63252807e-04]), array([9.86740148e-01, 7.26323231e-06, 2.73463067e-05, 1.62524026e-05,
       2.98242085e-04, 2.67251277e-04, 2.63049617e-04, 4.99452953e-04,
       3.78942270e-04, 9.54419816e-04, 1.24314776e-03, 1.07621108e-03,
       3.60003627e-03, 6.60468461e-03, 2.19231612e-02, 1.53162308e-02,
       2.47423760e-02, 2.19662639e-02, 2.43815923e-02, 3.16394169e-02,
       1.93021436e-01, 1.66282216e-01, 7.09422064e-01, 6.54482266e-01,
       2.42306245e-06]))","[1, 0]",0.020070038855758643,"[array([ 1.19417162, -1.25402143])]","('match', 'MATCH_NO_FOIL')",0.0829
MATCH_WITH_FOIL,"(array([1., 0., 0., 0., 0., 0., 0., 0.]), array([1., 0., 0., 0., 0., 0., 0., 0.]), array([9.34825422e-01, 1.32689802e-03, 2.99123326e-03, 1.11280936e-03,
       1.10778137e-02, 6.77773474e-03, 5.37095647e-03, 1.00215685e-02,
       5.45944828e-03, 1.49027777e-02, 1.57803722e-02, 1.04005882e-02,
       3.46115889e-02, 4.83490282e-02, 1.10904772e-01, 5.20212837e-02,
       8.10356838e-02, 5.57486517e-02, 5.53008289e-02, 6.90472282e-02,
       3.55243854e-01, 2.15036882e-01, 7.41144749e-01, 4.91226813e-01,
       7.63252807e-04]), array([9.65606797e-01, 1.46522171e-04, 4.10436981e-04, 1.96722888e-04,
       2.27258006e-03, 1.68567927e-03, 1.49310519e-03, 2.75299187e-03,
       1.79844231e-03, 4.55946296e-03, 5.32230796e-03, 4.05389561e-03,
       1.30672590e-02, 2.06502643e-02, 5.52996576e-02, 3.20132967e-02,
       4.99443844e-02, 3.93603120e-02, 4.11663047e-02, 5.17231286e-02,
       2.74559068e-01, 1.98912339e-01, 7.35122240e-01, 5.75730795e-01,
       6.57839630e-05]))","[1, 0]",0.005611029015251123,"[array([ 1.19093335, -1.25148754])]","('match', 'MATCH_WITH_FOIL')",0.0834
NO_MATCH_NO_FOIL,"(array([1., 0., 0., 0., 0., 0., 0., 0.]), array([0., 0., 0., 0., 0., 0., 1., 0.]), array([9.34825422e-01, 1.32689802e-03, 2.99123326e-03, 1.11280936e-03,
       1.10778137e-02, 6.77773474e-03, 5.37095647e-03, 1.00215685e-02,
       5.45944828e-03, 1.49027777e-02, 1.57803722e-02, 1.04005882e-02,
       3.46115889e-02, 4.83490282e-02, 1.10904772e-01, 5.20212837e-02,
       8.10356838e-02, 5.57486517e-02, 5.53008289e-02, 6.90472282e-02,
       3.55243854e-01, 2.15036882e-01, 7.41144749e-01, 4.91226813e-01,
       7.63252807e-04]), array([9.86740148e-01, 7.26323231e-06, 2.73463067e-05, 1.62524026e-05,
       2.98242085e-04, 2.67251277e-04, 2.63049617e-04, 4.99452953e-04,
       3.78942270e-04, 9.54419816e-04, 1.24314776e-03, 1.07621108e-03,
       3.60003627e-03, 6.60468461e-03, 2.19231612e-02, 1.53162308e-02,
       2.47423760e-02, 2.19662639e-02, 2.43815923e-02, 3.16394169e-02,
       1.93021436e-01, 1.66282216e-01, 7.09422064e-01, 6.54482266e-01,
       2.42306245e-06]))","[0, 1]",0.020070038855758643,"[array([-1.20851952,  1.23177888])]","('non-match', 'NO_MATCH_NO_FOIL')",0.0835
NO_MATCH_WITH_FOIL,"(array([1., 0., 0., 0., 0., 0., 0., 0.]), array([0., 0., 0., 0., 0., 0., 1., 0.]), array([9.34825422e-01, 1.32689802e-03, 2.99123326e-03, 1.11280936e-03,
       1.10778137e-02, 6.77773474e-03, 5.37095647e-03, 1.00215685e-02,
       5.45944828e-03, 1.49027777e-02, 1.57803722e-02, 1.04005882e-02,
       3.46115889e-02, 4.83490282e-02, 1.10904772e-01, 5.20212837e-02,
       8.10356838e-02, 5.57486517e-02, 5.53008289e-02, 6.90472282e-02,
       3.55243854e-01, 2.15036882e-01, 7.41144749e-01, 4.91226813e-01,
       7.63252807e-04]), array([9.65606797e-01, 1.46522171e-04, 4.10436981e-04, 1.96722888e-04,
       2.27258006e-03, 1.68567927e-03, 1.49310519e-03, 2.75299187e-03,
       1.79844231e-03, 4.55946296e-03, 5.32230796e-03, 4.05389561e-03,
       1.30672590e-02, 2.06502643e-02, 5.52996576e-02, 3.20132967e-02,
       4.99443844e-02, 3.93603120e-02, 4.11663047e-02, 5.17231286e-02,
       2.74559068e-01, 1.98912339e-01, 7.35122240e-01, 5.75730795e-01,
       6.57839630e-05]))","[0, 1]",0.005611029015251123,"[array([-1.20141908,  1.2234376 ])]","('non-match', 'NO_MATCH_WITH_FOIL')",0.0848
MATCH_NO_FOIL,"(array([0., 1., 0., 0., 0., 0., 0., 0.]), array([0., 1., 0., 0., 0., 0., 0., 0.]), array([7.88131356e-01, 6.21876790e-02, 9.36438245e-02, 2.59174703e-03,
       1.87503107e-01, 5.29757306e-02, 1.87355321e-02, 7.41242759e-02,
       1.14412818e-04, 9.84587471e-02, 7.84806238e-02, 1.38908619e-02,
       1.70611112e-01, 1.82234191e-01, 3.33347357e-01, 4.11945890e-02,
       1.15578886e-01, 1.68579342e-02, 6.86107831e-03, 3.47767395e-02,
       5.05834469e-01, 1.38467486e-01, 6.42693501e-01, 2.11879431e-01,
       6.69147229e-02]), array([0.89470358, 0.00707139, 0.0134854 , 0.00358559, 0.03791079,
       0.01883588, 0.01304221, 0.02612021, 0.01097015, 0.03605824,
       0.03487964, 0.01903283, 0.07183426, 0.09047262, 0.18570729,
       0.06720119, 0.10960594, 0.06282811, 0.05901154, 0.07635456,
       0.42606677, 0.21114975, 0.72724949, 0.40181465, 0.00506967]))","[1, 0]",0.04503489987624543,"[array([ 1.15936034, -1.29292638])]","('match', 'MATCH_NO_FOIL')",0.0826
MATCH_WITH_FOIL,"(array([0., 1., 0., 0., 0., 0., 0., 0.]), array([0., 1., 0., 0., 0., 0., 0., 0.]), array([7.88131356e-01, 6.21876790e-02, 9.36438245e-02, 2.59174703e-03,
       1.87503107e-01, 5.29757306e-02, 1.87355321e-02, 7.41242759e-02,
       1.14412818e-04, 9.84587471e-02, 7.84806238e-02, 1.38908619e-02,
       1.70611112e-01, 1.82234191e-01, 3.33347357e-01, 4.11945890e-02,
       1.15578886e-01, 1.68579342e-02, 6.86107831e-03, 3.47767395e-02,
       5.05834469e-01, 1.38467486e-01, 6.42693501e-01, 2.11879431e-01,
       6.69147229e-02]), array([0.84564216, 0.02495812, 0.0417184 , 0.00642274, 0.09623273,
       0.03746719, 0.02114266, 0.05072283, 0.01297657, 0.06728297,
       0.05946078, 0.02381636, 0.12141964, 0.1400141 , 0.26668015,
       0.06661889, 0.12443857, 0.0518316 , 0.04457613, 0.06660133,
       0.4785202 , 0.18554046, 0.69399043, 0.3083877 , 0.02197828]))","[1, 0]",0.014021104172525334,"[array([ 1.15017557, -1.28539131])]","('match', 'MATCH_WITH_FOIL')",0.0839
NO_MATCH_NO_FOIL,"(array([0., 1., 0., 0., 0., 0., 0., 0.]), array([0., 0., 0., 1., 0., 0., 0., 0.]), array([7.88131356e-01, 6.21876790e-02, 9.36438245e-02, 2.59174703e-03,
       1.87503107e-01, 5.29757306e-02, 1.87355321e-02, 7.41242759e-02,
       1.14412818e-04, 9.84587471e-02, 7.84806238e-02, 1.38908619e-02,
       1.70611112e-01, 1.82234191e-01, 3.33347357e-01, 4.11945890e-02,
       1.15578886e-01, 1.68579342e-02, 6.86107831e-03, 3.47767395e-02,
       5.05834469e-01, 1.38467486e-01, 6.42693501e-01, 2.11879431e-01,
       6.69147229e-02]), array([0.89470358, 0.00707139, 0.0134854 , 0.00358559, 0.03791079,
       0.01883588, 0.01304221, 0.02612021, 0.01097015, 0.03605824,
       0.03487964, 0.01903283, 0.07183426, 0.09047262, 0.18570729,
       0.06720119, 0.10960594, 0.06282811, 0.05901154, 0.07635456,
       0.42606677, 0.21114975, 0.72724949, 0.40181465, 0.00506967]))","[0, 1]",0.04503489987624543,"[array([-1.3161773 ,  1.24060865])]","('non-match', 'NO_MATCH_NO_FOIL')",0.0747
NO_MATCH_WITH_FOIL,"(array([0., 1., 0., 0., 0., 0., 0., 0.]), array([0., 0., 0., 1., 0., 0., 0., 0.]), array([7.88131356e-01, 6.21876790e-02, 9.36438245e-02, 2.59174703e-03,
       1.87503107e-01, 5.29757306e-02, 1.87355321e-02, 7.41242759e-02,
       1.14412818e-04, 9.84587471e-02, 7.84806238e-02, 1.38908619e-02,
       1.70611112e-01, 1.82234191e-01, 3.33347357e-01, 4.11945890e-02,
       1.15578886e-01, 1.68579342e-02, 6.86107831e-03, 3.47767395e-02,
       5.05834469e-01, 1.38467486e-01, 6.42693501e-01, 2.11879431e-01,
       6.69147229e-02]), array([0.84564216, 0.02495812, 0.0417184 , 0.00642274, 0.09623273,
       0.03746719, 0.02114266, 0.05072283, 0.01297657, 0.06728297,
       0.05946078, 0.02381636, 0.12141964, 0.1400141 , 0.26668015,
       0.06661889, 0.12443857, 0.0518316 , 0.04457613, 0.06660133,
       0.4785202 , 0.18554046, 0.69399043, 0.3083877 , 0.02197828]))","[0, 1]",0.014021104172525334,"[array([-1.30954868,  1.23181571])]","('non-match', 'NO_MATCH_WITH_FOIL')",0.0758
MATCH_NO_FOIL,"(array([0., 0., 1., 0., 0., 0., 0., 0.]), array([0., 0., 1., 0., 0., 0., 0., 0.]), array([ 0.57103586,  0.15779906,  0.19764424, -0.11911127,  0.33533791,
       -0.03954744, -0.12258303,  0.00280402, -0.17321132,  0.04678747,
       -0.00756541, -0.15031917,  0.15605577,  0.13382196,  0.29350396,
       -0.15619635, -0.05339437, -0.19843328, -0.22149192, -0.18558507,
        0.4137021 , -0.10069056,  0.40410691, -0.08639451,  0.32767238]), array([ 0.72274581,  0.11345847,  0.15745296, -0.0196932 ,  0.28644081,
        0.04845857, -0.00774255,  0.07914491, -0.03882722,  0.11215908,
        0.07697949, -0.02066728,  0.2007821 ,  0.20013874,  0.36524046,
       -0.01109093,  0.07880315, -0.04217965, -0.05451654, -0.02056369,
        0.50398642,  0.07215545,  0.57540374,  0.11325414,  0.1496197 ]))","[1, 0]",0.13150321740216808,"[array([ 1.01320383, -1.10043504])]","('match', 'MATCH_NO_FOIL')",0.1140
MATCH_WITH_FOIL,"(array([0., 0., 1., 0., 0., 0., 0., 0.]), array([0., 0., 1., 0., 0., 0., 0., 0.]), array([ 0.57103586,  0.15779906,  0.19764424, -0.11911127,  0.33533791,
       -0.03954744, -0.12258303,  0.00280402, -0.17321132,  0.04678747,
       -0.00756541, -0.15031917,  0.15605577,  0.13382196,  0.29350396,
       -0.15619635, -0.05339437, -0.19843328, -0.22149192, -0.18558507,
        0.4137021 , -0.10069056,  0.40410691, -0.08639451,  0.32767238]), array([ 0.65013882,  0.15449109,  0.20165045, -0.06526772,  0.34719488,
        0.01392991, -0.06086874,  0.05343356, -0.10310164,  0.09440303,
        0.04619037, -0.08015402,  0.19671212,  0.18316818,  0.35089801,
       -0.0823292 ,  0.01838036, -0.11827237, -0.13416683, -0.09645022,
        0.47232301, -0.00938383,  0.49480379,  0.01349724,  0.25266138]))","[1, 0]",0.0391123454335367,"[array([ 1.01464199, -1.10166081])]","('match', 'MATCH_WITH_FOIL')",0.1138
NO_MATCH_NO_FOIL,"(array([0., 0., 1., 0., 0., 0., 0., 0.]), array([0., 0., 0., 0., 1., 0., 0., 0.]), array([ 0.57103586,  0.15779906,  0.19764424, -0.11911127,  0.33533791,
       -0.03954744, -0.12258303,  0.00280402, -0.17321132,  0.04678747,
       -0.00756541, -0.15031917,  0.15605577,  0.13382196,  0.29350396,
       -0.15619635, -0.05339437, -0.19843328, -0.22149192, -0.18558507,
        0.4137021 , -0.10069056,  0.40410691, -0.08639451,  0.32767238]), array([ 0.72274581,  0.11345847,  0.15745296, -0.0196932 ,  0.28644081,
        0.04845857, -0.00774255,  0.07914491, -0.03882722,  0.11215908,
        0.07697949, -0.02066728,  0.2007821 ,  0.20013874,  0.36524046,
       -0.01109093,  0.07880315, -0.04217965, -0.05451654, -0.02056369,
        0.50398642,  0.07215545,  0.57540374,  0.11325414,  0.1496197 ]))","[0, 1]",0.13150321740216808,"[array([-1.76974982,  1.7917387 ])]","('non-match', 'NO_MATCH_NO_FOIL')",0.0280
NO_MATCH_WITH_FOIL,"(array([0., 0., 1., 0., 0., 0., 0., 0.]), array([0., 0., 0., 0., 1., 0., 0., 0.]), array([ 0.57103586,  0.15779906,  0.19764424, -0.11911127,  0.33533791,
       -0.03954744, -0.12258303,  0.00280402, -0.17321132,  0.04678747,
       -0.00756541, -0.15031917,  0.15605577,  0.13382196,  0.29350396,
       -0.15619635, -0.05339437, -0.19843328, -0.22149192, -0.18558507,
        0.4137021 , -0.10069056,  0.40410691, -0.08639451,  0.32767238]), array([ 0.65013882,  0.15449109,  0.20165045, -0.06526772,  0.34719488,
        0.01392991, -0.06086874,  0.05343356, -0.10310164,  0.09440303,
        0.04619037, -0.08015402,  0.19671212,  0.18316818,  0.35089801,
       -0.0823292 ,  0.01838036, -0.11827237, -0.13416683, -0.09645022,
        0.47232301, -0.00938383,  0.49480379,  0.01349724,  0.25266138]))","[0, 1]",0.0391123454335367,"[array([-1.7663575 ,  1.78789383])]","('non-match', 'NO_MATCH_WITH_FOIL')",0.0282
MATCH_NO_FOIL,"(array([0., 0., 0., 1., 0., 0., 0., 0.]), array([0., 0., 0., 1., 0., 0., 0., 0.]), array([ 0.30293144,  0.02304096,  0.03114822, -0.10389327,  0.07166691,
       -0.07913079, -0.12464464, -0.07618091, -0.17908192, -0.07112533,
       -0.10520741, -0.20954227, -0.01953044, -0.03618123,  0.05229473,
       -0.23155657, -0.18345226, -0.32014191, -0.39605811, -0.42172005,
        0.1466121 , -0.36732713,  0.10873015, -0.37695108,  0.15370081]), array([ 0.4862273 ,  0.11967146,  0.1471326 , -0.15178445,  0.25730085,
       -0.08410285, -0.16272565, -0.04924149, -0.21919223, -0.01153198,
       -0.06387253, -0.20699296,  0.0920764 ,  0.06752731,  0.20981423,
       -0.21364526, -0.11998422, -0.2670298 , -0.3028002 , -0.27739552,
        0.3341266 , -0.19532649,  0.30692891, -0.18542304,  0.32906698]))","[1, 0]",0.15230287573573187,"[array([ 1.26202837, -1.37811133])]","('match', 'MATCH_NO_FOIL')",0.0689
MATCH_WITH_FOIL,"(array([0., 0., 0., 1., 0., 0., 0., 0.]), array([0., 0., 0., 1., 0., 0., 0., 0.]), array([ 0.30293144,  0.02304096,  0.03114822, -0.10389327,  0.07166691,
       -0.07913079, -0.12464464, -0.07618091, -0.17908192, -0.07112533,
       -0.10520741, -0.20954227, -0.01953044, -0.03618123,  0.05229473,
       -0.23155657, -0.18345226, -0.32014191, -0.39605811, -0.42172005,
        0.1466121 , -0.36732713,  0.10873015, -0.37695108,  0.15370081]), array([ 0.39656052,  0.06508551,  0.08112451, -0.14400864,  0.15504431,
       -0.09722964, -0.16157979, -0.07820592, -0.22024918, -0.05565721,
       -0.10009587, -0.22884032,  0.02703303,  0.00532786,  0.12283508,
       -0.24023599, -0.16623323, -0.31025138, -0.36443684, -0.35985918,
        0.24192642, -0.28643287,  0.20714395, -0.28259888,  0.25617775]))","[1, 0]",0.037164571427300674,"[array([ 1.28184906, -1.39557532])]","('match', 'MATCH_WITH_FOIL')",0.0665
NO_MATCH_NO_FOIL,"(array([0., 0., 0., 1., 0., 0., 0., 0.]), array([1., 0., 0., 0., 0., 0., 0., 0.]), array([ 0.30293144,  0.02304096,  0.03114822, -0.10389327,  0.07166691,
       -0.07913079, -0.12464464, -0.07618091, -0.17908192, -0.07112533,
       -0.10520741, -0.20954227, -0.01953044, -0.03618123,  0.05229473,
       -0.23155657, -0.18345226, -0.32014191, -0.39605811, -0.42172005,
        0.1466121 , -0.36732713,  0.10873015, -0.37695108,  0.15370081]), array([ 0.4862273 ,  0.11967146,  0.1471326 , -0.15178445,  0.25730085,
       -0.08410285, -0.16272565, -0.04924149, -0.21919223, -0.01153198,
       -0.06387253, -0.20699296,  0.0920764 ,  0.06752731,  0.20981423,
       -0.21364526, -0.11998422, -0.2670298 , -0.3028002 , -0.27739552,
        0.3341266 , -0.19532649,  0.30692891, -0.18542304,  0.32906698]))","[0, 1]",0.15230287573573187,"[array([-1.20842962,  1.22254205])]","('non-match', 'NO_MATCH_NO_FOIL')",0.0843
NO_MATCH_WITH_FOIL,"(array([0., 0., 0., 1., 0., 0., 0., 0.]), array([1., 0., 0., 0., 0., 0., 0., 0.]), array([ 0.30293144,  0.02304096,  0.03114822, -0.10389327,  0.07166691,
       -0.07913079, -0.12464464, -0.07618091, -0.17908192, -0.07112533,
       -0.10520741, -0.20954227, -0.01953044, -0.03618123,  0.05229473,
       -0.23155657, -0.18345226, -0.32014191, -0.39605811, -0.42172005,
        0.1466121 , -0.36732713,  0.10873015, -0.37695108,  0.15370081]), array([ 0.39656052,  0.06508551,  0.08112451, -0.14400864,  0.15504431,
       -0.09722964, -0.16157979, -0.07820592, -0.22024918, -0.05565721,
       -0.10009587, -0.22884032,  0.02703303,  0.00532786,  0.12283508,
       -0.24023599, -0.16623323, -0.31025138, -0.36443684, -0.35985918,
        0.24192642, -0.28643287,  0.20714395, -0.28259888,  0.25617775]))","[0, 1]",0.037164571427300674,"[array([-1.20503974,  1.22143271])]","('non-match', 'NO_MATCH_WITH_FOIL')",0.0847
MATCH_NO_FOIL,"(array([0., 0., 0., 0., 1., 0., 0., 0.]), array([0., 0., 0., 0., 1., 0., 0., 0.]), array([ 7.76704790e-03, -8.83335521e-04, -6.01474583e-04, -7.13403993e-03,
        5.70105735e-04, -7.38104166e-03, -1.27099007e-02, -1.17618166e-02,
       -2.64182088e-02, -1.93378506e-02, -2.73440602e-02, -5.41050215e-02,
       -2.61819568e-02, -3.14907682e-02, -1.43052246e-02, -8.97223022e-02,
       -9.81689540e-02, -1.85479501e-01, -2.98263842e-01, -4.23066642e-01,
       -7.20154590e-02, -4.96275550e-01, -1.40253191e-01, -6.33835743e-01,
        5.79757128e-03]), array([ 0.20627556,  0.00342496,  0.00688832, -0.05707233,  0.02428789,
       -0.04799187, -0.0753625 , -0.05404929, -0.11819452, -0.06092768,
       -0.08472086, -0.16049466, -0.03972523, -0.05154687,  0.00792895,
       -0.19416873, -0.17184604, -0.29675901, -0.39310845, -0.45461588,
        0.05757449, -0.43208533,  0.01561096, -0.46753692,  0.07012804]))","[1, 0]",0.09353472490640191,"[array([ 1.4827287 , -1.59669426])]","('match', 'MATCH_NO_FOIL')",0.0450
MATCH_WITH_FOIL,"(array([0., 0., 0., 0., 1., 0., 0., 0.]), array([0., 0., 0., 0., 1., 0., 0., 0.]), array([ 7.76704790e-03, -8.83335521e-04, -6.01474583e-04, -7.13403993e-03,
        5.70105735e-04, -7.38104166e-03, -1.27099007e-02, -1.17618166e-02,
       -2.64182088e-02, -1.93378506e-02, -2.73440602e-02, -5.41050215e-02,
       -2.61819568e-02, -3.14907682e-02, -1.43052246e-02, -8.97223022e-02,
       -9.81689540e-02, -1.85479501e-01, -2.98263842e-01, -4.23066642e-01,
       -7.20154590e-02, -4.96275550e-01, -1.40253191e-01, -6.33835743e-01,
        5.79757128e-03]), array([ 1.07558650e-01, -1.21922526e-03, -5.25294404e-05, -2.35765634e-02,
        5.46143654e-03, -2.18782845e-02, -3.54550896e-02, -2.90152598e-02,
       -6.28326703e-02, -3.91811859e-02, -5.40518002e-02, -1.02607967e-01,
       -3.82276481e-02, -4.63315956e-02, -1.15233624e-02, -1.41906475e-01,
       -1.39425305e-01, -2.47731850e-01, -3.57789347e-01, -4.54650432e-01,
       -1.71723536e-02, -4.76058294e-01, -6.85012471e-02, -5.53451283e-01,
        2.37921009e-02]))","[1, 0]",0.022169355288436776,"[array([ 1.49408366, -1.60668215])]","('match', 'MATCH_WITH_FOIL')",0.0440
NO_MATCH_NO_FOIL,"(array([0., 0., 0., 0., 1., 0., 0., 0.]), array([0., 0., 0., 1., 0., 0., 0., 0.]), array([ 7.76704790e-03, -8.83335521e-04, -6.01474583e-04, -7.13403993e-03,
        5.70105735e-04, -7.38104166e-03, -1.27099007e-02, -1.17618166e-02,
       -2.64182088e-02, -1.93378506e-02, -2.73440602e-02, -5.41050215e-02,
       -2.61819568e-02, -3.14907682e-02, -1.43052246e-02, -8.97223022e-02,
       -9.81689540e-02, -1.85479501e-01, -2.98263842e-01, -4.23066642e-01,
       -7.20154590e-02, -4.96275550e-01, -1.40253191e-01, -6.33835743e-01,
        5.79757128e-03]), array([ 0.20627556,  0.00342496,  0.00688832, -0.05707233,  0.02428789,
       -0.04799187, -0.0753625 , -0.05404929, -0.11819452, -0.06092768,
       -0.08472086, -0.16049466, -0.03972523, -0.05154687,  0.00792895,
       -0.19416873, -0.17184604, -0.29675901, -0.39310845, -0.45461588,
        0.05757449, -0.43208533,  0.01561096, -0.46753692,  0.07012804]))","[0, 1]",0.09353472490640191,"[array([-1.21154818,  1.07500168])]","('non-match', 'NO_MATCH_NO_FOIL')",0.0968
NO_MATCH_WITH_FOIL,"(array([0., 0., 0., 0., 1., 0., 0., 0.]), array([0., 0., 0., 1., 0., 0., 0., 0.]), array([ 7.76704790e-03, -8.83335521e-04, -6.01474583e-04, -7.13403993e-03,
        5.70105735e-04, -7.38104166e-03, -1.27099007e-02, -1.17618166e-02,
       -2.64182088e-02, -1.93378506e-02, -2.73440602e-02, -5.41050215e-02,
       -2.61819568e-02, -3.14907682e-02, -1.43052246e-02, -8.97223022e-02,
       -9.81689540e-02, -1.85479501e-01, -2.98263842e-01, -4.23066642e-01,
       -7.20154590e-02, -4.96275550e-01, -1.40253191e-01, -6.33835743e-01,
        5.79757128e-03]), array([ 1.07558650e-01, -1.21922526e-03, -5.25294404e-05, -2.35765634e-02,
        5.46143654e-03, -2.18782845e-02, -3.54550896e-02, -2.90152598e-02,
       -6.28326703e-02, -3.91811859e-02, -5.40518002e-02, -1.02607967e-01,
       -3.82276481e-02, -4.63315956e-02, -1.15233624e-02, -1.41906475e-01,
       -1.39425305e-01, -2.47731850e-01, -3.57789347e-01, -4.54650432e-01,
       -1.71723536e-02, -4.76058294e-01, -6.85012471e-02, -5.53451283e-01,
        2.37921009e-02]))","[0, 1]",0.022169355288436776,"[array([-1.19592993,  1.05995676])]","('non-match', 'NO_MATCH_WITH_FOIL')",0.0996
MATCH_NO_FOIL,"(array([0., 0., 0., 0., 0., 1., 0., 0.]), array([0., 0., 0., 0., 0., 1., 0., 0.]), array([-2.88091148e-01, -2.80000467e-06, -2.73160978e-06, -1.69471797e-05,
       -4.45547895e-06, -2.76601616e-05, -6.92262673e-05, -9.59133885e-05,
       -3.15768555e-04, -3.63491735e-04, -6.43016681e-04, -1.81546235e-03,
       -1.50792050e-03, -2.05959332e-03, -1.64777693e-03, -7.46167906e-03,
       -1.22070749e-02, -3.45739961e-02, -9.30106395e-02, -2.14121854e-01,
       -1.07090140e-01, -4.14036422e-01, -2.55866065e-01, -8.34101742e-01,
        5.77873225e-06]), array([-9.21021603e-02, -2.47069617e-04, -2.03771945e-04, -1.51342560e-03,
       -7.01402120e-05, -1.77635550e-03, -3.34547987e-03, -3.50509771e-03,
       -8.51565506e-03, -7.23395427e-03, -1.07560417e-02, -2.29946484e-02,
       -1.36101800e-02, -1.67313936e-02, -9.87850656e-03, -4.82524271e-02,
       -5.93493251e-02, -1.23209448e-01, -2.26372307e-01, -3.65880325e-01,
       -1.04382437e-01, -4.91701122e-01, -1.96784346e-01, -7.07887125e-01,
        9.62781179e-04]))","[1, 0]",0.05560636265322638,"[array([ 1.44812184, -1.47913929])]","('match', 'MATCH_NO_FOIL')",0.0522
MATCH_WITH_FOIL,"(array([0., 0., 0., 0., 0., 1., 0., 0.]), array([0., 0., 0., 0., 0., 1., 0., 0.]), array([-2.88091148e-01, -2.80000467e-06, -2.73160978e-06, -1.69471797e-05,
       -4.45547895e-06, -2.76601616e-05, -6.92262673e-05, -9.59133885e-05,
       -3.15768555e-04, -3.63491735e-04, -6.43016681e-04, -1.81546235e-03,
       -1.50792050e-03, -2.05959332e-03, -1.64777693e-03, -7.46167906e-03,
       -1.22070749e-02, -3.45739961e-02, -9.30106395e-02, -2.14121854e-01,
       -1.07090140e-01, -4.14036422e-01, -2.55866065e-01, -8.34101742e-01,
        5.77873225e-06]), array([-1.91051114e-01, -3.68153233e-05, -3.33618768e-05, -2.09847414e-04,
       -3.31568435e-05, -2.86070678e-04, -6.08647971e-04, -7.27983329e-04,
       -2.00132493e-03, -1.97187649e-03, -3.15766090e-03, -7.57824560e-03,
       -5.34071134e-03, -6.85459114e-03, -4.79324679e-03, -2.14241996e-02,
       -3.00696105e-02, -7.11928130e-02, -1.54571622e-01, -2.92568911e-01,
       -1.14904962e-01, -4.63318373e-01, -2.35840992e-01, -7.74865534e-01,
        1.00481469e-04]))","[1, 0]",0.012835577927992503,"[array([ 1.44826701, -1.47927602])]","('match', 'MATCH_WITH_FOIL')",0.0521
NO_MATCH_NO_FOIL,"(array([0., 0., 0., 0., 0., 1., 0., 0.]), array([0., 0., 0., 0., 0., 0., 0., 1.]), array([-2.88091148e-01, -2.80000467e-06, -2.73160978e-06, -1.69471797e-05,
       -4.45547895e-06, -2.76601616e-05, -6.92262673e-05, -9.59133885e-05,
       -3.15768555e-04, -3.63491735e-04, -6.43016681e-04, -1.81546235e-03,
       -1.50792050e-03, -2.05959332e-03, -1.64777693e-03, -7.46167906e-03,
       -1.22070749e-02, -3.45739961e-02, -9.30106395e-02, -2.14121854e-01,
       -1.07090140e-01, -4.14036422e-01, -2.55866065e-01, -8.34101742e-01,
        5.77873225e-06]), array([-9.21021603e-02, -2.47069617e-04, -2.03771945e-04, -1.51342560e-03,
       -7.01402120e-05, -1.77635550e-03, -3.34547987e-03, -3.50509771e-03,
       -8.51565506e-03, -7.23395427e-03, -1.07560417e-02, -2.29946484e-02,
       -1.36101800e-02, -1.67313936e-02, -9.87850656e-03, -4.82524271e-02,
       -5.93493251e-02, -1.23209448e-01, -2.26372307e-01, -3.65880325e-01,
       -1.04382437e-01, -4.91701122e-01, -1.96784346e-01, -7.07887125e-01,
        9.62781179e-04]))","[0, 1]",0.05560636265322638,"[array([-1.71874435,  1.71781477])]","('non-match', 'NO_MATCH_NO_FOIL')",0.0317
NO_MATCH_WITH_FOIL,"(array([0., 0., 0., 0., 0., 1., 0., 0.]), array([0., 0., 0., 0., 0., 0., 0., 1.]), array([-2.88091148e-01, -2.80000467e-06, -2.73160978e-06, -1.69471797e-05,
       -4.45547895e-06, -2.76601616e-05, -6.92262673e-05, -9.59133885e-05,
       -3.15768555e-04, -3.63491735e-04, -6.43016681e-04, -1.81546235e-03,
       -1.50792050e-03, -2.05959332e-03, -1.64777693e-03, -7.46167906e-03,
       -1.22070749e-02, -3.45739961e-02, -9.30106395e-02, -2.14121854e-01,
       -1.07090140e-01, -4.14036422e-01, -2.55866065e-01, -8.34101742e-01,
        5.77873225e-06]), array([-1.91051114e-01, -3.68153233e-05, -3.33618768e-05, -2.09847414e-04,
       -3.31568435e-05, -2.86070678e-04, -6.08647971e-04, -7.27983329e-04,
       -2.00132493e-03, -1.97187649e-03, -3.15766090e-03, -7.57824560e-03,
       -5.34071134e-03, -6.85459114e-03, -4.79324679e-03, -2.14241996e-02,
       -3.00696105e-02, -7.11928130e-02, -1.54571622e-01, -2.92568911e-01,
       -1.14904962e-01, -4.63318373e-01, -2.35840992e-01, -7.74865534e-01,
        1.00481469e-04]))","[0, 1]",0.012835577927992503,"[array([-1.71858589,  1.71766434])]","('non-match', 'NO_MATCH_WITH_FOIL')",0.0317
MATCH_NO_FOIL,"(array([0., 0., 0., 0., 0., 0., 1., 0.]), array([0., 0., 0., 0., 0., 0., 1., 0.]), array([-5.58215020e-01, -4.01049399e-13, -4.97151003e-13, -8.47183678e-12,
       -5.08157506e-12, -3.22068764e-11, -2.22273606e-10, -5.69802602e-10,
       -8.58143441e-09, -1.77949494e-08, -5.28400259e-08, -4.64417801e-07,
       -6.52374797e-07, -1.22288394e-06, -1.42123983e-06, -1.32322755e-05,
       -4.37391863e-05, -4.40361891e-04, -5.25162744e-03, -3.79061426e-02,
       -3.39236650e-02, -1.92248945e-01, -1.97721568e-01, -9.59859916e-01,
        4.29462308e-13]), array([-3.82252671e-01, -8.91627327e-08, -9.34971697e-08, -6.49461306e-07,
       -2.38630734e-07, -1.32028293e-06, -4.11223804e-06, -6.74450250e-06,
       -2.89126746e-05, -3.94489059e-05, -7.94208378e-05, -2.81669746e-04,
       -2.75781307e-04, -4.08818950e-04, -3.69719669e-04, -1.85715740e-03,
       -3.64840079e-03, -1.32532602e-02, -4.75610547e-02, -1.40897215e-01,
       -8.65607679e-02, -3.48426543e-01, -2.56061228e-01, -8.85003881e-01,
        1.45037184e-07]))","[1, 0]",0.030231650550025746,"[array([ 1.2734941, -1.3885736])]","('match', 'MATCH_NO_FOIL')",0.0675
MATCH_WITH_FOIL,"(array([0., 0., 0., 0., 0., 0., 1., 0.]), array([0., 0., 0., 0., 0., 0., 1., 0.]), array([-5.58215020e-01, -4.01049399e-13, -4.97151003e-13, -8.47183678e-12,
       -5.08157506e-12, -3.22068764e-11, -2.22273606e-10, -5.69802602e-10,
       -8.58143441e-09, -1.77949494e-08, -5.28400259e-08, -4.64417801e-07,
       -6.52374797e-07, -1.22288394e-06, -1.42123983e-06, -1.32322755e-05,
       -4.37391863e-05, -4.40361891e-04, -5.25162744e-03, -3.79061426e-02,
       -3.39236650e-02, -1.92248945e-01, -1.97721568e-01, -9.59859916e-01,
        4.29462308e-13]), array([-4.72594851e-01, -7.45306552e-10, -8.45195233e-10, -7.73299944e-09,
       -3.69303692e-09, -2.06617581e-08, -8.76302833e-08, -1.75540726e-07,
       -1.14177438e-06, -1.88851422e-06, -4.49516446e-06, -2.23183943e-05,
       -2.59687369e-05, -4.27152946e-05, -4.36410737e-05, -2.71565018e-04,
       -6.68927463e-04, -3.51499224e-03, -1.92738759e-02, -8.07610792e-02,
       -5.99926417e-02, -2.72312144e-01, -2.36418700e-01, -9.27063354e-01,
        9.77964379e-10]))","[1, 0]",0.006907599365224781,"[array([ 1.27349411, -1.38857361])]","('match', 'MATCH_WITH_FOIL')",0.0675
NO_MATCH_NO_FOIL,"(array([0., 0., 0., 0., 0., 0., 1., 0.]), array([0., 1., 0., 0., 0., 0., 0., 0.]), array([-5.58215020e-01, -4.01049399e-13, -4.97151003e-13, -8.47183678e-12,
       -5.08157506e-12, -3.22068764e-11, -2.22273606e-10, -5.69802602e-10,
       -8.58143441e-09, -1.77949494e-08, -5.28400259e-08, -4.64417801e-07,
       -6.52374797e-07, -1.22288394e-06, -1.42123983e-06, -1.32322755e-05,
       -4.37391863e-05, -4.40361891e-04, -5.25162744e-03, -3.79061426e-02,
       -3.39236650e-02, -1.92248945e-01, -1.97721568e-01, -9.59859916e-01,
        4.29462308e-13]), array([-3.82252671e-01, -8.91627327e-08, -9.34971697e-08, -6.49461306e-07,
       -2.38630734e-07, -1.32028293e-06, -4.11223804e-06, -6.74450250e-06,
       -2.89126746e-05, -3.94489059e-05, -7.94208378e-05, -2.81669746e-04,
       -2.75781307e-04, -4.08818950e-04, -3.69719669e-04, -1.85715740e-03,
       -3.64840079e-03, -1.32532602e-02, -4.75610547e-02, -1.40897215e-01,
       -8.65607679e-02, -3.48426543e-01, -2.56061228e-01, -8.85003881e-01,
        1.45037184e-07]))","[0, 1]",0.030231650550025746,"[array([-1.05309402,  0.8756946 ])]","('non-match', 'NO_MATCH_NO_FOIL')",0.1357
NO_MATCH_WITH_FOIL,"(array([0., 0., 0., 0., 0., 0., 1., 0.]), array([0., 1., 0., 0., 0., 0., 0., 0.]), array([-5.58215020e-01, -4.01049399e-13, -4.97151003e-13, -8.47183678e-12,
       -5.08157506e-12, -3.22068764e-11, -2.22273606e-10, -5.69802602e-10,
       -8.58143441e-09, -1.77949494e-08, -5.28400259e-08, -4.64417801e-07,
       -6.52374797e-07, -1.22288394e-06, -1.42123983e-06, -1.32322755e-05,
       -4.37391863e-05, -4.40361891e-04, -5.25162744e-03, -3.79061426e-02,
       -3.39236650e-02, -1.92248945e-01, -1.97721568e-01, -9.59859916e-01,
        4.29462308e-13]), array([-4.72594851e-01, -7.45306552e-10, -8.45195233e-10, -7.73299944e-09,
       -3.69303692e-09, -2.06617581e-08, -8.76302833e-08, -1.75540726e-07,
       -1.14177438e-06, -1.88851422e-06, -4.49516446e-06, -2.23183943e-05,
       -2.59687369e-05, -4.27152946e-05, -4.36410737e-05, -2.71565018e-04,
       -6.68927463e-04, -3.51499224e-03, -1.92738759e-02, -8.07610792e-02,
       -5.99926417e-02, -2.72312144e-01, -2.36418700e-01, -9.27063354e-01,
        9.77964379e-10]))","[0, 1]",0.006907599365224781,"[array([-1.053094  ,  0.87569459])]","('non-match', 'NO_MATCH_WITH_FOIL')",0.1357
MATCH_NO_FOIL,"(array([0., 0., 0., 0., 0., 0., 0., 1.]), array([0., 0., 0., 0., 0., 0., 0., 1.]), array([-7.78475207e-01, -7.36194957e-21, -1.32731475e-20,  7.41211808e-20,
        8.42797287e-20, -7.42690690e-17,  4.92925116e-16,  6.56413510e-15,
       -2.82758418e-14, -1.91660118e-13, -3.34134360e-12,  1.84857571e-11,
        5.62887385e-11,  2.05661243e-10,  3.91984121e-10, -3.01490313e-09,
        1.03074589e-06, -5.17795301e-06,  2.40730902e-05, -1.50938903e-04,
       -2.51963128e-04,  7.36407176e-03,  1.38687539e-02, -9.99876663e-01,
        4.21122447e-21]), array([-6.38257689e-01,  2.30775790e-20,  3.17345098e-20, -4.69859301e-18,
       -3.48734195e-18, -2.90944068e-17, -5.87693044e-16, -2.07924148e-15,
        7.51669235e-14,  2.05792456e-13,  8.30471777e-13,  4.11203304e-11,
        7.14811887e-11,  1.58058229e-10,  2.11737510e-10,  5.22438949e-09,
        2.62066102e-08,  7.62786425e-06, -4.79846051e-04, -1.25737795e-02,
       -1.36282356e-02, -1.14941811e-01, -1.41512563e-01, -9.83065875e-01,
       -2.02241205e-20]))","[1, 0]",0.017568012719494597,"[array([ 1.27577512, -1.40460985])]","('match', 'MATCH_NO_FOIL')",0.0663
MATCH_WITH_FOIL,"(array([0., 0., 0., 0., 0., 0., 0., 1.]), array([0., 0., 0., 0., 0., 0., 0., 1.]), array([-7.78475207e-01, -7.36194957e-21, -1.32731475e-20,  7.41211808e-20,
        8.42797287e-20, -7.42690690e-17,  4.92925116e-16,  6.56413510e-15,
       -2.82758418e-14, -1.91660118e-13, -3.34134360e-12,  1.84857571e-11,
        5.62887385e-11,  2.05661243e-10,  3.91984121e-10, -3.01490313e-09,
        1.03074589e-06, -5.17795301e-06,  2.40730902e-05, -1.50938903e-04,
       -2.51963128e-04,  7.36407176e-03,  1.38687539e-02, -9.99876663e-01,
        4.21122447e-21]), array([-7.11923098e-01, -6.24244074e-18, -9.70649520e-18,  1.12623021e-16,
        1.03137038e-16,  1.55083993e-15, -3.14280356e-14, -1.77147750e-13,
        1.38981992e-12,  5.48076177e-12,  3.55174850e-11, -4.53639992e-10,
       -1.01322622e-09, -2.77358426e-09, -4.36881194e-09,  1.12365846e-07,
        1.15553878e-06, -1.19941603e-05,  1.03509169e-04, -1.68267088e-03,
       -2.23834041e-03, -4.66502914e-02, -7.00325620e-02, -9.96449366e-01,
        4.45272991e-18]))","[1, 0]",0.004121622339773756,"[array([ 1.27577623, -1.40461098])]","('match', 'MATCH_WITH_FOIL')",0.0663
NO_MATCH_NO_FOIL,"(array([0., 0., 0., 0., 0., 0., 0., 1.]), array([0., 0., 0., 0., 0., 1., 0., 0.]), array([-7.78475207e-01, -7.36194957e-21, -1.32731475e-20,  7.41211808e-20,
        8.42797287e-20, -7.42690690e-17,  4.92925116e-16,  6.56413510e-15,
       -2.82758418e-14, -1.91660118e-13, -3.34134360e-12,  1.84857571e-11,
        5.62887385e-11,  2.05661243e-10,  3.91984121e-10, -3.01490313e-09,
        1.03074589e-06, -5.17795301e-06,  2.40730902e-05, -1.50938903e-04,
       -2.51963128e-04,  7.36407176e-03,  1.38687539e-02, -9.99876663e-01,
        4.21122447e-21]), array([-6.38257689e-01,  2.30775790e-20,  3.17345098e-20, -4.69859301e-18,
       -3.48734195e-18, -2.90944068e-17, -5.87693044e-16, -2.07924148e-15,
        7.51669235e-14,  2.05792456e-13,  8.30471777e-13,  4.11203304e-11,
        7.14811887e-11,  1.58058229e-10,  2.11737510e-10,  5.22438949e-09,
        2.62066102e-08,  7.62786425e-06, -4.79846051e-04, -1.25737795e-02,
       -1.36282356e-02, -1.14941811e-01, -1.41512563e-01, -9.83065875e-01,
       -2.02241205e-20]))","[0, 1]",0.017568012719494597,"[array([-1.61409458,  1.56675909])]","('non-match', 'NO_MATCH_NO_FOIL')",0.0407
NO_MATCH_WITH_FOIL,"(array([0., 0., 0., 0., 0., 0., 0., 1.]), array([0., 0., 0., 0., 0., 1., 0., 0.]), array([-7.78475207e-01, -7.36194957e-21, -1.32731475e-20,  7.41211808e-20,
        8.42797287e-20, -7.42690690e-17,  4.92925116e-16,  6.56413510e-15,
       -2.82758418e-14, -1.91660118e-13, -3.34134360e-12,  1.84857571e-11,
        5.62887385e-11,  2.05661243e-10,  3.91984121e-10, -3.01490313e-09,
        1.03074589e-06, -5.17795301e-06,  2.40730902e-05, -1.50938903e-04,
       -2.51963128e-04,  7.36407176e-03,  1.38687539e-02, -9.99876663e-01,
        4.21122447e-21]), array([-7.11923098e-01, -6.24244074e-18, -9.70649520e-18,  1.12623021e-16,
        1.03137038e-16,  1.55083993e-15, -3.14280356e-14, -1.77147750e-13,
        1.38981992e-12,  5.48076177e-12,  3.55174850e-11, -4.53639992e-10,
       -1.01322622e-09, -2.77358426e-09, -4.36881194e-09,  1.12365846e-07,
        1.15553878e-06, -1.19941603e-05,  1.03509169e-04, -1.68267088e-03,
       -2.23834041e-03, -4.66502914e-02, -7.00325620e-02, -9.96449366e-01,
        4.45272991e-18]))","[0, 1]",0.004121622339773756,"[array([-1.61409534,  1.56676025])]","('non-match', 'NO_MATCH_WITH_FOIL')",0.0407
MATCH_NO_FOIL,"(array([1., 0., 0., 0., 0., 0., 0., 0.]), array([1., 0., 0., 0., 0., 0., 0., 0.]), array([-9.61451444e-01,  3.86296539e-12,  2.28589695e-11, -3.32193555e-11,
       -1.17384351e-10,  2.92464484e-10, -5.18768629e-10,  1.81020026e-09,
       -2.62612845e-09,  1.27342834e-08, -3.69102879e-08,  5.99169599e-08,
       -9.17428575e-07,  7.69036081e-06,  7.73326879e-05, -1.27601986e-04,
        3.50488961e-04, -5.61122352e-04,  9.58345698e-04, -1.86499663e-03,
       -1.50351257e-02,  3.22775413e-02,  4.02257006e-01, -9.14831433e-01,
       -4.64211156e-13]), array([-8.37249049e-01, -2.02685414e-16, -4.38443084e-16,  1.53730352e-15,
        2.20279936e-15, -2.68047836e-14,  1.05719865e-13, -4.50656895e-12,
        1.32150505e-11,  2.77168651e-10, -6.59580845e-09,  2.30345645e-08,
        1.06095934e-07,  5.94662569e-07,  1.43055433e-06, -6.15746670e-06,
        6.14611474e-05, -2.02252013e-04,  6.47043539e-04, -2.53998009e-03,
       -5.50629935e-03,  4.32993622e-02,  1.06846504e-01, -9.93313523e-01,
        9.04155814e-17]))","[1, 0]",0.028237310953009298,"[array([ 1.22894136, -1.24877708])]","('match', 'MATCH_NO_FOIL')",0.0806
MATCH_WITH_FOIL,"(array([1., 0., 0., 0., 0., 0., 0., 0.]), array([1., 0., 0., 0., 0., 0., 0., 0.]), array([-9.61451444e-01,  3.86296539e-12,  2.28589695e-11, -3.32193555e-11,
       -1.17384351e-10,  2.92464484e-10, -5.18768629e-10,  1.81020026e-09,
       -2.62612845e-09,  1.27342834e-08, -3.69102879e-08,  5.99169599e-08,
       -9.17428575e-07,  7.69036081e-06,  7.73326879e-05, -1.27601986e-04,
        3.50488961e-04, -5.61122352e-04,  9.58345698e-04, -1.86499663e-03,
       -1.50351257e-02,  3.22775413e-02,  4.02257006e-01, -9.14831433e-01,
       -4.64211156e-13]), array([-8.87657375e-01,  3.42587423e-14,  9.34282485e-14, -2.30818944e-13,
       -4.27156428e-13,  2.42660208e-12, -6.79460727e-12,  5.79264318e-11,
       -1.27710569e-10,  2.82495154e-09, -1.97774089e-08,  5.01487085e-08,
        4.39823053e-07,  5.46494602e-06,  1.77358684e-05, -5.13230627e-05,
        2.65208267e-04, -6.46728947e-04,  1.58747719e-03, -4.58475688e-03,
       -1.36179426e-02,  5.91426805e-02,  2.05193958e-01, -9.76825523e-01,
       -1.13376316e-14]))","[1, 0]",0.012492694411347482,"[array([ 1.22868215, -1.24929406])]","('match', 'MATCH_WITH_FOIL')",0.0806
NO_MATCH_NO_FOIL,"(array([1., 0., 0., 0., 0., 0., 0., 0.]), array([0., 0., 0., 1., 0., 0., 0., 0.]), array([-9.61451444e-01,  3.86296539e-12,  2.28589695e-11, -3.32193555e-11,
       -1.17384351e-10,  2.92464484e-10, -5.18768629e-10,  1.81020026e-09,
       -2.62612845e-09,  1.27342834e-08, -3.69102879e-08,  5.99169599e-08,
       -9.17428575e-07,  7.69036081e-06,  7.73326879e-05, -1.27601986e-04,
        3.50488961e-04, -5.61122352e-04,  9.58345698e-04, -1.86499663e-03,
       -1.50351257e-02,  3.22775413e-02,  4.02257006e-01, -9.14831433e-01,
       -4.64211156e-13]), array([-8.37249049e-01, -2.02685414e-16, -4.38443084e-16,  1.53730352e-15,
        2.20279936e-15, -2.68047836e-14,  1.05719865e-13, -4.50656895e-12,
        1.32150505e-11,  2.77168651e-10, -6.59580845e-09,  2.30345645e-08,
        1.06095934e-07,  5.94662569e-07,  1.43055433e-06, -6.15746670e-06,
        6.14611474e-05, -2.02252013e-04,  6.47043539e-04, -2.53998009e-03,
       -5.50629935e-03,  4.32993622e-02,  1.06846504e-01, -9.93313523e-01,
        9.04155814e-17]))","[0, 1]",0.028237310953009298,"[array([-1.04258891,  1.05094322])]","('non-match', 'NO_MATCH_NO_FOIL')",0.1162
NO_MATCH_WITH_FOIL,"(array([1., 0., 0., 0., 0., 0., 0., 0.]), array([0., 0., 0., 1., 0., 0., 0., 0.]), array([-9.61451444e-01,  3.86296539e-12,  2.28589695e-11, -3.32193555e-11,
       -1.17384351e-10,  2.92464484e-10, -5.18768629e-10,  1.81020026e-09,
       -2.62612845e-09,  1.27342834e-08, -3.69102879e-08,  5.99169599e-08,
       -9.17428575e-07,  7.69036081e-06,  7.73326879e-05, -1.27601986e-04,
        3.50488961e-04, -5.61122352e-04,  9.58345698e-04, -1.86499663e-03,
       -1.50351257e-02,  3.22775413e-02,  4.02257006e-01, -9.14831433e-01,
       -4.64211156e-13]), array([-8.87657375e-01,  3.42587423e-14,  9.34282485e-14, -2.30818944e-13,
       -4.27156428e-13,  2.42660208e-12, -6.79460727e-12,  5.79264318e-11,
       -1.27710569e-10,  2.82495154e-09, -1.97774089e-08,  5.01487085e-08,
        4.39823053e-07,  5.46494602e-06,  1.77358684e-05, -5.13230627e-05,
        2.65208267e-04, -6.46728947e-04,  1.58747719e-03, -4.58475688e-03,
       -1.36179426e-02,  5.91426805e-02,  2.05193958e-01, -9.76825523e-01,
       -1.13376316e-14]))","[0, 1]",0.012492694411347482,"[array([-1.04818164,  1.05645052])]","('non-match', 'NO_MATCH_WITH_FOIL')",0.1150
MATCH_NO_FOIL,"(array([0., 1., 0., 0., 0., 0., 0., 0.]), array([0., 1., 0., 0., 0., 0., 0., 0.]), array([-9.92635639e-01, -1.36944967e-06,  6.04808748e-06, -3.90783024e-06,
        1.08292906e-04, -1.05095591e-04,  1.08145669e-04, -2.10054663e-04,
        1.68886872e-04, -4.30925533e-04,  5.90244409e-04, -5.38119706e-04,
        1.86284623e-03, -3.67171562e-03,  1.36618423e-02, -1.02905720e-02,
        1.70107486e-02, -1.58466876e-02,  1.80817749e-02, -2.39329990e-02,
        1.60864678e-01, -1.48987982e-01,  6.93154954e-01, -6.85354434e-01,
       -3.94390025e-07]), array([-9.84099862e-01,  5.17949105e-15,  7.54083012e-14, -8.80466750e-14,
       -4.90466633e-13,  9.19241589e-13, -1.38033299e-12,  3.83793289e-12,
       -4.71761457e-12,  1.73419942e-11, -3.90016403e-11,  5.34555275e-11,
       -3.82129872e-10,  1.74366486e-09, -1.00175792e-05,  1.32579909e-05,
       -3.02046794e-05,  4.12210735e-05, -6.17782053e-05,  1.05097655e-04,
        2.92353748e-03, -4.88222117e-03,  4.93116318e-01, -8.69944766e-01,
       -1.01511094e-16]))","[1, 0]",0.030755316133594834,"[array([ 1.19644099, -1.28537045])]","('match', 'MATCH_NO_FOIL')",0.0803
MATCH_WITH_FOIL,"(array([0., 1., 0., 0., 0., 0., 0., 0.]), array([0., 1., 0., 0., 0., 0., 0., 0.]), array([-9.92635639e-01, -1.36944967e-06,  6.04808748e-06, -3.90783024e-06,
        1.08292906e-04, -1.05095591e-04,  1.08145669e-04, -2.10054663e-04,
        1.68886872e-04, -4.30925533e-04,  5.90244409e-04, -5.38119706e-04,
        1.86284623e-03, -3.67171562e-03,  1.36618423e-02, -1.02905720e-02,
        1.70107486e-02, -1.58466876e-02,  1.80817749e-02, -2.39329990e-02,
        1.60864678e-01, -1.48987982e-01,  6.93154954e-01, -6.85354434e-01,
       -3.94390025e-07]), array([-9.96915479e-01,  1.66885314e-10, -5.32882707e-09,  5.08153174e-09,
        5.53366090e-08, -8.13319936e-08,  1.05987103e-07, -2.50435761e-07,
        2.65230832e-07, -8.13160580e-07,  1.49931458e-06, -1.77233118e-06,
        8.73201709e-06, -2.74843224e-05,  2.87972276e-04, -3.12506807e-04,
        6.18663956e-04, -7.34623480e-04,  9.88434313e-04, -1.51209844e-03,
        3.83347814e-02, -5.15636769e-02,  5.73945975e-01, -8.16365899e-01,
        1.34472114e-11]))","[1, 0]",0.014444537948974046,"[array([ 1.19813071, -1.2882853 ])]","('match', 'MATCH_WITH_FOIL')",0.0799
NO_MATCH_NO_FOIL,"(array([0., 1., 0., 0., 0., 0., 0., 0.]), array([0., 0., 0., 0., 0., 1., 0., 0.]), array([-9.92635639e-01, -1.36944967e-06,  6.04808748e-06, -3.90783024e-06,
        1.08292906e-04, -1.05095591e-04,  1.08145669e-04, -2.10054663e-04,
        1.68886872e-04, -4.30925533e-04,  5.90244409e-04, -5.38119706e-04,
        1.86284623e-03, -3.67171562e-03,  1.36618423e-02, -1.02905720e-02,
        1.70107486e-02, -1.58466876e-02,  1.80817749e-02, -2.39329990e-02,
        1.60864678e-01, -1.48987982e-01,  6.93154954e-01, -6.85354434e-01,
       -3.94390025e-07]), array([-9.84099862e-01,  5.17949105e-15,  7.54083012e-14, -8.80466750e-14,
       -4.90466633e-13,  9.19241589e-13, -1.38033299e-12,  3.83793289e-12,
       -4.71761457e-12,  1.73419942e-11, -3.90016403e-11,  5.34555275e-11,
       -3.82129872e-10,  1.74366486e-09, -1.00175792e-05,  1.32579909e-05,
       -3.02046794e-05,  4.12210735e-05, -6.17782053e-05,  1.05097655e-04,
        2.92353748e-03, -4.88222117e-03,  4.93116318e-01, -8.69944766e-01,
       -1.01511094e-16]))","[0, 1]",0.030755316133594834,"[array([-0.91484251,  0.89065448])]","('non-match', 'NO_MATCH_NO_FOIL')",0.1522
NO_MATCH_WITH_FOIL,"(array([0., 1., 0., 0., 0., 0., 0., 0.]), array([0., 0., 0., 0., 0., 1., 0., 0.]), array([-9.92635639e-01, -1.36944967e-06,  6.04808748e-06, -3.90783024e-06,
        1.08292906e-04, -1.05095591e-04,  1.08145669e-04, -2.10054663e-04,
        1.68886872e-04, -4.30925533e-04,  5.90244409e-04, -5.38119706e-04,
        1.86284623e-03, -3.67171562e-03,  1.36618423e-02, -1.02905720e-02,
        1.70107486e-02, -1.58466876e-02,  1.80817749e-02, -2.39329990e-02,
        1.60864678e-01, -1.48987982e-01,  6.93154954e-01, -6.85354434e-01,
       -3.94390025e-07]), array([-9.96915479e-01,  1.66885314e-10, -5.32882707e-09,  5.08153174e-09,
        5.53366090e-08, -8.13319936e-08,  1.05987103e-07, -2.50435761e-07,
        2.65230832e-07, -8.13160580e-07,  1.49931458e-06, -1.77233118e-06,
        8.73201709e-06, -2.74843224e-05,  2.87972276e-04, -3.12506807e-04,
        6.18663956e-04, -7.34623480e-04,  9.88434313e-04, -1.51209844e-03,
        3.83347814e-02, -5.15636769e-02,  5.73945975e-01, -8.16365899e-01,
        1.34472114e-11]))","[0, 1]",0.014444537948974046,"[array([-0.92010789,  0.89549491])]","('non-match', 'NO_MATCH_WITH_FOIL')",0.1508
MATCH_NO_FOIL,"(array([0., 0., 1., 0., 0., 0., 0., 0.]), array([0., 0., 1., 0., 0., 0., 0., 0.]), array([-0.86710449, -0.01545323,  0.02718566, -0.00548356,  0.06756281,
       -0.02929412,  0.01825598, -0.03983608,  0.0131915 , -0.05348793,
        0.04910922, -0.02292419,  0.09990612, -0.1193168 ,  0.23346549,
       -0.06946552,  0.12066074, -0.05908432,  0.05320155, -0.07311819,
        0.45942167, -0.19885948,  0.71010781, -0.34767504, -0.01250676]), array([-9.75582945e-01, -4.75613848e-05,  1.48861232e-04, -7.82723301e-05,
        1.03865929e-03, -8.33337022e-04,  7.71295062e-04, -1.43311503e-03,
        9.98740551e-04, -2.50770198e-03,  3.05844937e-03, -2.45962365e-03,
        7.98893843e-03, -1.33853704e-02,  3.88549000e-02, -2.43646165e-02,
        3.84262359e-02, -3.18550207e-02,  3.41147576e-02, -4.33234310e-02,
        2.40245841e-01, -1.87089291e-01,  7.26781788e-01, -6.09230859e-01,
       -1.90188974e-05]))","[1, 0]",0.05543878357646215,"[array([ 0.9685586 , -1.02178453])]","('match', 'MATCH_NO_FOIL')",0.1281
MATCH_WITH_FOIL,"(array([0., 0., 1., 0., 0., 0., 0., 0.]), array([0., 0., 1., 0., 0., 0., 0., 0.]), array([-0.86710449, -0.01545323,  0.02718566, -0.00548356,  0.06756281,
       -0.02929412,  0.01825598, -0.03983608,  0.0131915 , -0.05348793,
        0.04910922, -0.02292419,  0.09990612, -0.1193168 ,  0.23346549,
       -0.06946552,  0.12066074, -0.05908432,  0.05320155, -0.07311819,
        0.45942167, -0.19885948,  0.71010781, -0.34767504, -0.01250676]), array([-9.48782549e-01, -5.71640792e-04,  1.40031889e-03, -5.82715604e-04,
        6.00893712e-03, -3.98735702e-03,  3.31460467e-03, -6.11881866e-03,
        3.61614345e-03, -9.47705956e-03,  1.04382352e-02, -7.33035243e-03,
        2.38493221e-02, -3.49745849e-02,  8.50519522e-02, -4.37185010e-02,
        6.78299654e-02, -4.95430441e-02,  5.02167397e-02, -6.26272160e-02,
        3.22363438e-01, -2.10597797e-01,  7.41063464e-01, -5.27020050e-01,
       -2.97895882e-04]))","[1, 0]",0.028749668507708437,"[array([ 0.96785005, -1.0224661 ])]","('match', 'MATCH_WITH_FOIL')",0.1281
NO_MATCH_NO_FOIL,"(array([0., 0., 1., 0., 0., 0., 0., 0.]), array([0., 0., 0., 0., 1., 0., 0., 0.]), array([-0.86710449, -0.01545323,  0.02718566, -0.00548356,  0.06756281,
       -0.02929412,  0.01825598, -0.03983608,  0.0131915 , -0.05348793,
        0.04910922, -0.02292419,  0.09990612, -0.1193168 ,  0.23346549,
       -0.06946552,  0.12066074, -0.05908432,  0.05320155, -0.07311819,
        0.45942167, -0.19885948,  0.71010781, -0.34767504, -0.01250676]), array([-9.75582945e-01, -4.75613848e-05,  1.48861232e-04, -7.82723301e-05,
        1.03865929e-03, -8.33337022e-04,  7.71295062e-04, -1.43311503e-03,
        9.98740551e-04, -2.50770198e-03,  3.05844937e-03, -2.45962365e-03,
        7.98893843e-03, -1.33853704e-02,  3.88549000e-02, -2.43646165e-02,
        3.84262359e-02, -3.18550207e-02,  3.41147576e-02, -4.33234310e-02,
        2.40245841e-01, -1.87089291e-01,  7.26781788e-01, -6.09230859e-01,
       -1.90188974e-05]))","[0, 1]",0.05543878357646215,"[array([-1.93133634,  1.99041774])]","('non-match', 'NO_MATCH_NO_FOIL')",0.0196
NO_MATCH_WITH_FOIL,"(array([0., 0., 1., 0., 0., 0., 0., 0.]), array([0., 0., 0., 0., 1., 0., 0., 0.]), array([-0.86710449, -0.01545323,  0.02718566, -0.00548356,  0.06756281,
       -0.02929412,  0.01825598, -0.03983608,  0.0131915 , -0.05348793,
        0.04910922, -0.02292419,  0.09990612, -0.1193168 ,  0.23346549,
       -0.06946552,  0.12066074, -0.05908432,  0.05320155, -0.07311819,
        0.45942167, -0.19885948,  0.71010781, -0.34767504, -0.01250676]), array([-9.48782549e-01, -5.71640792e-04,  1.40031889e-03, -5.82715604e-04,
        6.00893712e-03, -3.98735702e-03,  3.31460467e-03, -6.11881866e-03,
        3.61614345e-03, -9.47705956e-03,  1.04382352e-02, -7.33035243e-03,
        2.38493221e-02, -3.49745849e-02,  8.50519522e-02, -4.37185010e-02,
        6.78299654e-02, -4.95430441e-02,  5.02167397e-02, -6.26272160e-02,
        3.22363438e-01, -2.10597797e-01,  7.41063464e-01, -5.27020050e-01,
       -2.97895882e-04]))","[0, 1]",0.028749668507708437,"[array([-1.92486238,  1.98266838])]","('non-match', 'NO_MATCH_WITH_FOIL')",0.0199
MATCH_NO_FOIL,"(array([0., 0., 0., 1., 0., 0., 0., 0.]), array([0., 0., 0., 1., 0., 0., 0., 0.]), array([-0.60467661, -0.16201527,  0.20591866,  0.09751736,  0.34974339,
        0.01662684, -0.0977741 , -0.02564024, -0.14523667, -0.06930451,
        0.01649177,  0.12129082,  0.17687648, -0.15752443,  0.32177498,
        0.12640037, -0.02318947,  0.1655913 , -0.18508059,  0.14752459,
        0.44103721,  0.06192421,  0.44283219,  0.0448946 , -0.30346054]), array([-0.81304293, -0.04425293,  0.06938809, -0.00573193,  0.14648007,
       -0.04794456,  0.02196001, -0.06557304,  0.00812311, -0.0865426 ,
        0.07221709, -0.0205649 ,  0.15135115, -0.16669967,  0.30877943,
       -0.05512795,  0.122588  , -0.0344799 ,  0.02552677, -0.05088195,
        0.49785712, -0.16055416,  0.66610458, -0.25233279, -0.0438131 ]))","[1, 0]",0.2050944704983071,"[array([ 1.16789272, -1.26534383])]","('match', 'MATCH_NO_FOIL')",0.0841
MATCH_WITH_FOIL,"(array([0., 0., 0., 1., 0., 0., 0., 0.]), array([0., 0., 0., 1., 0., 0., 0., 0.]), array([-0.60467661, -0.16201527,  0.20591866,  0.09751736,  0.34974339,
        0.01662684, -0.0977741 , -0.02564024, -0.14523667, -0.06930451,
        0.01649177,  0.12129082,  0.17687648, -0.15752443,  0.32177498,
        0.12640037, -0.02318947,  0.1655913 , -0.18508059,  0.14752459,
        0.44103721,  0.06192421,  0.44283219,  0.0448946 , -0.30346054]), array([-0.68117018, -0.14070188,  0.18794197,  0.0439356 ,  0.32949061,
       -0.03177167, -0.03622304, -0.06798696, -0.07413217, -0.10595462,
        0.06254022,  0.05297078,  0.20308411, -0.1946361 ,  0.36263024,
        0.05130429,  0.04574688,  0.08527945, -0.09939844,  0.06276918,
        0.48900868, -0.02605782,  0.52974873, -0.05506245, -0.20996388]))","[1, 0]",0.03562362609935832,"[array([ 1.16404808, -1.26146202])]","('match', 'MATCH_WITH_FOIL')",0.0847
NO_MATCH_NO_FOIL,"(array([0., 0., 0., 1., 0., 0., 0., 0.]), array([0., 1., 0., 0., 0., 0., 0., 0.]), array([-0.60467661, -0.16201527,  0.20591866,  0.09751736,  0.34974339,
        0.01662684, -0.0977741 , -0.02564024, -0.14523667, -0.06930451,
        0.01649177,  0.12129082,  0.17687648, -0.15752443,  0.32177498,
        0.12640037, -0.02318947,  0.1655913 , -0.18508059,  0.14752459,
        0.44103721,  0.06192421,  0.44283219,  0.0448946 , -0.30346054]), array([-0.81304293, -0.04425293,  0.06938809, -0.00573193,  0.14648007,
       -0.04794456,  0.02196001, -0.06557304,  0.00812311, -0.0865426 ,
        0.07221709, -0.0205649 ,  0.15135115, -0.16669967,  0.30877943,
       -0.05512795,  0.122588  , -0.0344799 ,  0.02552677, -0.05088195,
        0.49785712, -0.16055416,  0.66610458, -0.25233279, -0.0438131 ]))","[0, 1]",0.2050944704983071,"[array([-1.56187446,  1.47752634])]","('non-match', 'NO_MATCH_NO_FOIL')",0.0468
NO_MATCH_WITH_FOIL,"(array([0., 0., 0., 1., 0., 0., 0., 0.]), array([0., 1., 0., 0., 0., 0., 0., 0.]), array([-0.60467661, -0.16201527,  0.20591866,  0.09751736,  0.34974339,
        0.01662684, -0.0977741 , -0.02564024, -0.14523667, -0.06930451,
        0.01649177,  0.12129082,  0.17687648, -0.15752443,  0.32177498,
        0.12640037, -0.02318947,  0.1655913 , -0.18508059,  0.14752459,
        0.44103721,  0.06192421,  0.44283219,  0.0448946 , -0.30346054]), array([-0.68117018, -0.14070188,  0.18794197,  0.0439356 ,  0.32949061,
       -0.03177167, -0.03622304, -0.06798696, -0.07413217, -0.10595462,
        0.06254022,  0.05297078,  0.20308411, -0.1946361 ,  0.36263024,
        0.05130429,  0.04574688,  0.08527945, -0.09939844,  0.06276918,
        0.48900868, -0.02605782,  0.52974873, -0.05506245, -0.20996388]))","[0, 1]",0.03562362609935832,"[array([-1.56239502,  1.47621462])]","('non-match', 'NO_MATCH_WITH_FOIL')",0.0468
MATCH_NO_FOIL,"(array([0., 0., 0., 0., 1., 0., 0., 0.]), array([0., 0., 0., 0., 1., 0., 0., 0.]), array([-0.24678359, -0.00911841,  0.0141719 ,  0.07572337,  0.03973161,
        0.06116269, -0.09571103,  0.06454995, -0.14413643,  0.06749196,
       -0.09545223,  0.18323524, -0.03446434,  0.04817536,  0.02306358,
        0.21241596, -0.17980215,  0.31018515, -0.39854556,  0.44481591,
        0.0932864 ,  0.40744315,  0.05345391,  0.43037637, -0.10060082]), array([-0.52214132, -0.13940979,  0.17219006,  0.14254975,  0.29556722,
        0.06851235, -0.15041898,  0.02922447, -0.20477914, -0.01235243,
       -0.04172798,  0.18666427,  0.12016482, -0.09581689,  0.24636908,
        0.19285659, -0.09398917,  0.24088383, -0.27062948,  0.23964756,
        0.36927573,  0.15599781,  0.34789066,  0.14440307, -0.33877308]))","[1, 0]",0.31215299306234734,"[array([ 1.09414629, -1.19462328])]","('match', 'MATCH_NO_FOIL')",0.0966
MATCH_WITH_FOIL,"(array([0., 0., 0., 0., 1., 0., 0., 0.]), array([0., 0., 0., 0., 1., 0., 0., 0.]), array([-0.24678359, -0.00911841,  0.0141719 ,  0.07572337,  0.03973161,
        0.06116269, -0.09571103,  0.06454995, -0.14413643,  0.06749196,
       -0.09545223,  0.18323524, -0.03446434,  0.04817536,  0.02306358,
        0.21241596, -0.17980215,  0.31018515, -0.39854556,  0.44481591,
        0.0932864 ,  0.40744315,  0.05345391,  0.43037637, -0.10060082]), array([-0.34229633, -0.0378382 ,  0.04879982,  0.12297852,  0.10224901,
        0.08949105, -0.14303374,  0.08040951, -0.20016668,  0.06835593,
       -0.10684941,  0.22218278, -0.00323166,  0.0220648 ,  0.07874548,
        0.23925415, -0.18000894,  0.32026252, -0.38699508,  0.39911711,
        0.18601367,  0.33532514,  0.14924177,  0.33811169, -0.19633072]))","[1, 0]",0.03357060121805289,"[array([ 1.10715047, -1.20618115])]","('match', 'MATCH_WITH_FOIL')",0.0943
NO_MATCH_NO_FOIL,"(array([0., 0., 0., 0., 1., 0., 0., 0.]), array([0., 0., 0., 0., 0., 0., 1., 0.]), array([-0.24678359, -0.00911841,  0.0141719 ,  0.07572337,  0.03973161,
        0.06116269, -0.09571103,  0.06454995, -0.14413643,  0.06749196,
       -0.09545223,  0.18323524, -0.03446434,  0.04817536,  0.02306358,
        0.21241596, -0.17980215,  0.31018515, -0.39854556,  0.44481591,
        0.0932864 ,  0.40744315,  0.05345391,  0.43037637, -0.10060082]), array([-0.52214132, -0.13940979,  0.17219006,  0.14254975,  0.29556722,
        0.06851235, -0.15041898,  0.02922447, -0.20477914, -0.01235243,
       -0.04172798,  0.18666427,  0.12016482, -0.09581689,  0.24636908,
        0.19285659, -0.09398917,  0.24088383, -0.27062948,  0.23964756,
        0.36927573,  0.15599781,  0.34789066,  0.14440307, -0.33877308]))","[0, 1]",0.31215299306234734,"[array([-0.75301846,  0.64835843])]","('non-match', 'NO_MATCH_NO_FOIL')",0.2201
NO_MATCH_WITH_FOIL,"(array([0., 0., 0., 0., 1., 0., 0., 0.]), array([0., 0., 0., 0., 0., 0., 1., 0.]), array([-0.24678359, -0.00911841,  0.0141719 ,  0.07572337,  0.03973161,
        0.06116269, -0.09571103,  0.06454995, -0.14413643,  0.06749196,
       -0.09545223,  0.18323524, -0.03446434,  0.04817536,  0.02306358,
        0.21241596, -0.17980215,  0.31018515, -0.39854556,  0.44481591,
        0.0932864 ,  0.40744315,  0.05345391,  0.43037637, -0.10060082]), array([-0.34229633, -0.0378382 ,  0.04879982,  0.12297852,  0.10224901,
        0.08949105, -0.14303374,  0.08040951, -0.20016668,  0.06835593,
       -0.10684941,  0.22218278, -0.00323166,  0.0220648 ,  0.07874548,
        0.23925415, -0.18000894,  0.32026252, -0.38699508,  0.39911711,
        0.18601367,  0.33532514,  0.14924177,  0.33811169, -0.19633072]))","[0, 1]",0.03357060121805289,"[array([-0.74560601,  0.64231181])]","('non-match', 'NO_MATCH_WITH_FOIL')",0.2228
MATCH_NO_FOIL,"(array([0., 0., 0., 0., 0., 1., 0., 0.]), array([0., 0., 0., 0., 0., 1., 0., 0.]), array([ 1.50071133e-01,  8.76595277e-05, -7.67245409e-05,  5.05644071e-04,
       -5.70296994e-05,  6.45597478e-04, -1.30001377e-03,  1.46949861e-03,
       -3.81450875e-03,  3.53190761e-03, -5.46792145e-03,  1.24436516e-02,
       -8.17179630e-03,  1.02775225e-02, -6.74018461e-03,  3.08193875e-02,
       -4.08557146e-02,  9.11248993e-02, -1.83691860e-01,  3.24323805e-01,
       -1.13014939e-01,  4.77870216e-01, -2.21835400e-01,  7.47911169e-01,
       -2.74026104e-04]), array([-1.48805070e-01,  3.72195201e-04,  1.52669199e-03,  3.53015651e-02,
        1.07992390e-02,  3.14195176e-02, -5.00684970e-02,  3.88592863e-02,
       -8.39712934e-02,  4.86292849e-02, -6.69931158e-02,  1.26402029e-01,
       -4.08201541e-02,  5.03352186e-02, -6.01977408e-03,  1.64442323e-01,
       -1.54703688e-01,  2.70505927e-01, -3.76001935e-01,  4.58665172e-01,
        1.17568752e-02,  4.60525868e-01, -3.48356587e-02,  5.18340864e-01,
       -3.87387953e-02]))","[1, 0]",0.16938134403853577,"[array([ 1.29849527, -1.31467798])]","('match', 'MATCH_NO_FOIL')",0.0707
MATCH_WITH_FOIL,"(array([0., 0., 0., 0., 0., 1., 0., 0.]), array([0., 0., 0., 0., 0., 1., 0., 0.]), array([ 1.50071133e-01,  8.76595277e-05, -7.67245409e-05,  5.05644071e-04,
       -5.70296994e-05,  6.45597478e-04, -1.30001377e-03,  1.46949861e-03,
       -3.81450875e-03,  3.53190761e-03, -5.46792145e-03,  1.24436516e-02,
       -8.17179630e-03,  1.02775225e-02, -6.74018461e-03,  3.08193875e-02,
       -4.08557146e-02,  9.11248993e-02, -1.83691860e-01,  3.24323805e-01,
       -1.13014939e-01,  4.77870216e-01, -2.21835400e-01,  7.47911169e-01,
       -2.74026104e-04]), array([ 5.06185793e-02,  4.54770163e-04, -3.54083561e-04,  3.02270820e-03,
        1.16791579e-05,  3.35807523e-03, -6.07091845e-03,  6.03665438e-03,
       -1.41222792e-02,  1.12830776e-02, -1.63817883e-02,  3.37639379e-02,
       -1.84632712e-02,  2.24282888e-02, -1.20822507e-02,  6.37930669e-02,
       -7.46243701e-02,  1.48350778e-01, -2.56953813e-01,  3.92225357e-01,
       -9.36808612e-02,  4.96597607e-01, -1.75279845e-01,  6.77905424e-01,
       -2.13775926e-03]))","[1, 0]",0.01686363514138378,"[array([ 1.30066443, -1.31539361])]","('match', 'MATCH_WITH_FOIL')",0.0705
NO_MATCH_NO_FOIL,"(array([0., 0., 0., 0., 0., 1., 0., 0.]), array([0., 0., 0., 1., 0., 0., 0., 0.]), array([ 1.50071133e-01,  8.76595277e-05, -7.67245409e-05,  5.05644071e-04,
       -5.70296994e-05,  6.45597478e-04, -1.30001377e-03,  1.46949861e-03,
       -3.81450875e-03,  3.53190761e-03, -5.46792145e-03,  1.24436516e-02,
       -8.17179630e-03,  1.02775225e-02, -6.74018461e-03,  3.08193875e-02,
       -4.08557146e-02,  9.11248993e-02, -1.83691860e-01,  3.24323805e-01,
       -1.13014939e-01,  4.77870216e-01, -2.21835400e-01,  7.47911169e-01,
       -2.74026104e-04]), array([-1.48805070e-01,  3.72195201e-04,  1.52669199e-03,  3.53015651e-02,
        1.07992390e-02,  3.14195176e-02, -5.00684970e-02,  3.88592863e-02,
       -8.39712934e-02,  4.86292849e-02, -6.69931158e-02,  1.26402029e-01,
       -4.08201541e-02,  5.03352186e-02, -6.01977408e-03,  1.64442323e-01,
       -1.54703688e-01,  2.70505927e-01, -3.76001935e-01,  4.58665172e-01,
        1.17568752e-02,  4.60525868e-01, -3.48356587e-02,  5.18340864e-01,
       -3.87387953e-02]))","[0, 1]",0.16938134403853577,"[array([-1.18443718,  1.17110164])]","('non-match', 'NO_MATCH_NO_FOIL')",0.0906
NO_MATCH_WITH_FOIL,"(array([0., 0., 0., 0., 0., 1., 0., 0.]), array([0., 0., 0., 1., 0., 0., 0., 0.]), array([ 1.50071133e-01,  8.76595277e-05, -7.67245409e-05,  5.05644071e-04,
       -5.70296994e-05,  6.45597478e-04, -1.30001377e-03,  1.46949861e-03,
       -3.81450875e-03,  3.53190761e-03, -5.46792145e-03,  1.24436516e-02,
       -8.17179630e-03,  1.02775225e-02, -6.74018461e-03,  3.08193875e-02,
       -4.08557146e-02,  9.11248993e-02, -1.83691860e-01,  3.24323805e-01,
       -1.13014939e-01,  4.77870216e-01, -2.21835400e-01,  7.47911169e-01,
       -2.74026104e-04]), array([ 5.06185793e-02,  4.54770163e-04, -3.54083561e-04,  3.02270820e-03,
        1.16791579e-05,  3.35807523e-03, -6.07091845e-03,  6.03665438e-03,
       -1.41222792e-02,  1.12830776e-02, -1.63817883e-02,  3.37639379e-02,
       -1.84632712e-02,  2.24282888e-02, -1.20822507e-02,  6.37930669e-02,
       -7.46243701e-02,  1.48350778e-01, -2.56953813e-01,  3.92225357e-01,
       -9.36808612e-02,  4.96597607e-01, -1.75279845e-01,  6.77905424e-01,
       -2.13775926e-03]))","[0, 1]",0.01686363514138378,"[array([-1.17898086,  1.1672366 ])]","('non-match', 'NO_MATCH_WITH_FOIL')",0.0914
MATCH_NO_FOIL,"(array([0., 0., 0., 0., 0., 0., 1., 0.]), array([0., 0., 0., 0., 0., 0., 1., 0.]), array([ 5.23232925e-01,  1.56127656e-11, -1.86213315e-11,  2.28223522e-10,
       -1.24846290e-10,  7.40234418e-10, -4.03819270e-09,  9.27698832e-09,
       -8.95424314e-08,  1.68168505e-07, -4.51841404e-07,  2.99210579e-06,
       -3.87689862e-06,  6.85775883e-06, -7.54471434e-06,  5.74645822e-05,
       -1.66294074e-04,  1.20656443e-03, -9.64975206e-03,  5.35297878e-02,
       -4.43269710e-02,  2.25595303e-01, -2.16048933e-01,  9.47367244e-01,
       -1.81787624e-11]), array([ 2.48024226e-01,  8.95046911e-06, -8.47519379e-06,  5.20708556e-05,
       -1.14381864e-05,  7.85249652e-05, -1.82650763e-04,  2.37530804e-04,
       -7.19650322e-04,  7.75469816e-04, -1.31182654e-03,  3.43905803e-03,
       -2.66908811e-03,  3.54423900e-03, -2.68753607e-03,  1.19722862e-02,
       -1.83208508e-02,  4.78345111e-02, -1.16884407e-01,  2.46670938e-01,
       -1.12243871e-01,  4.36812985e-01, -2.49917741e-01,  8.10444034e-01,
       -2.06153791e-05]))","[1, 0]",0.08027288078585404,"[array([ 1.13993623, -1.24260592])]","('match', 'MATCH_NO_FOIL')",0.0883
MATCH_WITH_FOIL,"(array([0., 0., 0., 0., 0., 0., 1., 0.]), array([0., 0., 0., 0., 0., 0., 1., 0.]), array([ 5.23232925e-01,  1.56127656e-11, -1.86213315e-11,  2.28223522e-10,
       -1.24846290e-10,  7.40234418e-10, -4.03819270e-09,  9.27698832e-09,
       -8.95424314e-08,  1.68168505e-07, -4.51841404e-07,  2.99210579e-06,
       -3.87689862e-06,  6.85775883e-06, -7.54471434e-06,  5.74645822e-05,
       -1.66294074e-04,  1.20656443e-03, -9.64975206e-03,  5.35297878e-02,
       -4.43269710e-02,  2.25595303e-01, -2.16048933e-01,  9.47367244e-01,
       -1.81787624e-11]), array([ 3.43499143e-01,  4.24402901e-07, -4.31690601e-07,  2.81518615e-06,
       -9.11042256e-07,  5.19455117e-06, -1.46488138e-05,  2.23268608e-05,
       -8.46484772e-05,  1.07372819e-04, -2.04022016e-04,  6.51634608e-04,
       -5.95491545e-04,  8.51065154e-04, -7.31854635e-04,  3.48073178e-03,
       -6.30944005e-03,  2.04465689e-02, -6.43351597e-02,  1.70140029e-01,
       -9.62257710e-02,  3.77347965e-01, -2.58407312e-01,  8.64879209e-01,
       -7.59430617e-07]))","[1, 0]",0.032914540134098114,"[array([ 1.1427209 , -1.24530979])]","('match', 'MATCH_WITH_FOIL')",0.0878
NO_MATCH_NO_FOIL,"(array([0., 0., 0., 0., 0., 0., 1., 0.]), array([0., 0., 0., 0., 1., 0., 0., 0.]), array([ 5.23232925e-01,  1.56127656e-11, -1.86213315e-11,  2.28223522e-10,
       -1.24846290e-10,  7.40234418e-10, -4.03819270e-09,  9.27698832e-09,
       -8.95424314e-08,  1.68168505e-07, -4.51841404e-07,  2.99210579e-06,
       -3.87689862e-06,  6.85775883e-06, -7.54471434e-06,  5.74645822e-05,
       -1.66294074e-04,  1.20656443e-03, -9.64975206e-03,  5.35297878e-02,
       -4.43269710e-02,  2.25595303e-01, -2.16048933e-01,  9.47367244e-01,
       -1.81787624e-11]), array([ 2.48024226e-01,  8.95046911e-06, -8.47519379e-06,  5.20708556e-05,
       -1.14381864e-05,  7.85249652e-05, -1.82650763e-04,  2.37530804e-04,
       -7.19650322e-04,  7.75469816e-04, -1.31182654e-03,  3.43905803e-03,
       -2.66908811e-03,  3.54423900e-03, -2.68753607e-03,  1.19722862e-02,
       -1.83208508e-02,  4.78345111e-02, -1.16884407e-01,  2.46670938e-01,
       -1.12243871e-01,  4.36812985e-01, -2.49917741e-01,  8.10444034e-01,
       -2.06153791e-05]))","[0, 1]",0.08027288078585404,"[array([-1.09697273,  1.00207976])]","('non-match', 'NO_MATCH_NO_FOIL')",0.1156
NO_MATCH_WITH_FOIL,"(array([0., 0., 0., 0., 0., 0., 1., 0.]), array([0., 0., 0., 0., 1., 0., 0., 0.]), array([ 5.23232925e-01,  1.56127656e-11, -1.86213315e-11,  2.28223522e-10,
       -1.24846290e-10,  7.40234418e-10, -4.03819270e-09,  9.27698832e-09,
       -8.95424314e-08,  1.68168505e-07, -4.51841404e-07,  2.99210579e-06,
       -3.87689862e-06,  6.85775883e-06, -7.54471434e-06,  5.74645822e-05,
       -1.66294074e-04,  1.20656443e-03, -9.64975206e-03,  5.35297878e-02,
       -4.43269710e-02,  2.25595303e-01, -2.16048933e-01,  9.47367244e-01,
       -1.81787624e-11]), array([ 3.43499143e-01,  4.24402901e-07, -4.31690601e-07,  2.81518615e-06,
       -9.11042256e-07,  5.19455117e-06, -1.46488138e-05,  2.23268608e-05,
       -8.46484772e-05,  1.07372819e-04, -2.04022016e-04,  6.51634608e-04,
       -5.95491545e-04,  8.51065154e-04, -7.31854635e-04,  3.48073178e-03,
       -6.30944005e-03,  2.04465689e-02, -6.43351597e-02,  1.70140029e-01,
       -9.62257710e-02,  3.77347965e-01, -2.58407312e-01,  8.64879209e-01,
       -7.59430617e-07]))","[0, 1]",0.032914540134098114,"[array([-1.09443732,  0.999742  ])]","('non-match', 'NO_MATCH_WITH_FOIL')",0.1162
MATCH_NO_FOIL,"(array([0., 0., 0., 0., 0., 0., 0., 1.]), array([0., 0., 0., 0., 0., 0., 0., 1.]), array([ 8.13787743e-01, -2.83277097e-19,  5.65270361e-19,  2.36069650e-18,
       -3.06513955e-18, -6.53726014e-17, -3.10375459e-16,  1.82407080e-14,
        6.17775659e-14, -6.98747869e-13, -1.53289261e-09, -6.33183025e-09,
        2.41281489e-08, -1.10464532e-07,  2.39691373e-07,  1.27198017e-06,
        2.11471902e-05,  8.13097892e-05,  2.98600158e-04,  1.38548273e-03,
       -2.68030426e-03, -3.07214132e-02,  6.73033164e-02,  9.97254861e-01,
        1.40768963e-19]), array([ 6.05695951e-01,  6.76543629e-17, -8.89221171e-17,  4.00482643e-15,
       -2.72297355e-15,  1.97909348e-14, -2.20730924e-13,  6.74805725e-13,
       -5.52610861e-11,  1.33715182e-10, -4.68490067e-10,  7.83787235e-09,
       -1.24231884e-08,  2.55210309e-08, -3.21621998e-08,  4.59974280e-07,
       -1.89926622e-06,  4.33149326e-05, -1.68691961e-03,  2.11169938e-02,
       -2.11109791e-02,  1.46342745e-01, -1.66889677e-01,  9.74595910e-01,
       -6.44554445e-17]))","[1, 0]",0.03858125655587663,"[array([ 1.26528331, -1.38522504])]","('match', 'MATCH_NO_FOIL')",0.0682
MATCH_WITH_FOIL,"(array([0., 0., 0., 0., 0., 0., 0., 1.]), array([0., 0., 0., 0., 0., 0., 0., 1.]), array([ 8.13787743e-01, -2.83277097e-19,  5.65270361e-19,  2.36069650e-18,
       -3.06513955e-18, -6.53726014e-17, -3.10375459e-16,  1.82407080e-14,
        6.17775659e-14, -6.98747869e-13, -1.53289261e-09, -6.33183025e-09,
        2.41281489e-08, -1.10464532e-07,  2.39691373e-07,  1.27198017e-06,
        2.11471902e-05,  8.13097892e-05,  2.98600158e-04,  1.38548273e-03,
       -2.68030426e-03, -3.07214132e-02,  6.73033164e-02,  9.97254861e-01,
        1.40768963e-19]), array([ 6.82107062e-01,  3.88809073e-20, -5.72918335e-20, -1.11269248e-18,
        9.33439310e-19, -1.03152053e-17, -1.30986350e-15,  5.93042206e-15,
        6.95141106e-14, -2.32200062e-13,  1.19890213e-12,  3.25824832e-11,
       -6.51995212e-11,  1.62148339e-10, -2.38075083e-10, -5.42674887e-08,
        3.88934104e-07,  7.14534021e-06,  9.61332492e-05,  4.75778251e-03,
       -5.79964595e-03,  7.35933835e-02, -1.01447719e-01,  9.92086736e-01,
       -3.02497947e-20]))","[1, 0]",0.016190882252631322,"[array([ 1.2642145, -1.3845742])]","('match', 'MATCH_WITH_FOIL')",0.0683
NO_MATCH_NO_FOIL,"(array([0., 0., 0., 0., 0., 0., 0., 1.]), array([0., 0., 0., 1., 0., 0., 0., 0.]), array([ 8.13787743e-01, -2.83277097e-19,  5.65270361e-19,  2.36069650e-18,
       -3.06513955e-18, -6.53726014e-17, -3.10375459e-16,  1.82407080e-14,
        6.17775659e-14, -6.98747869e-13, -1.53289261e-09, -6.33183025e-09,
        2.41281489e-08, -1.10464532e-07,  2.39691373e-07,  1.27198017e-06,
        2.11471902e-05,  8.13097892e-05,  2.98600158e-04,  1.38548273e-03,
       -2.68030426e-03, -3.07214132e-02,  6.73033164e-02,  9.97254861e-01,
        1.40768963e-19]), array([ 6.05695951e-01,  6.76543629e-17, -8.89221171e-17,  4.00482643e-15,
       -2.72297355e-15,  1.97909348e-14, -2.20730924e-13,  6.74805725e-13,
       -5.52610861e-11,  1.33715182e-10, -4.68490067e-10,  7.83787235e-09,
       -1.24231884e-08,  2.55210309e-08, -3.21621998e-08,  4.59974280e-07,
       -1.89926622e-06,  4.33149326e-05, -1.68691961e-03,  2.11169938e-02,
       -2.11109791e-02,  1.46342745e-01, -1.66889677e-01,  9.74595910e-01,
       -6.44554445e-17]))","[0, 1]",0.03858125655587663,"[array([-1.23426969,  1.12579968])]","('non-match', 'NO_MATCH_NO_FOIL')",0.0902
NO_MATCH_WITH_FOIL,"(array([0., 0., 0., 0., 0., 0., 0., 1.]), array([0., 0., 0., 1., 0., 0., 0., 0.]), array([ 8.13787743e-01, -2.83277097e-19,  5.65270361e-19,  2.36069650e-18,
       -3.06513955e-18, -6.53726014e-17, -3.10375459e-16,  1.82407080e-14,
        6.17775659e-14, -6.98747869e-13, -1.53289261e-09, -6.33183025e-09,
        2.41281489e-08, -1.10464532e-07,  2.39691373e-07,  1.27198017e-06,
        2.11471902e-05,  8.13097892e-05,  2.98600158e-04,  1.38548273e-03,
       -2.68030426e-03, -3.07214132e-02,  6.73033164e-02,  9.97254861e-01,
        1.40768963e-19]), array([ 6.82107062e-01,  3.88809073e-20, -5.72918335e-20, -1.11269248e-18,
        9.33439310e-19, -1.03152053e-17, -1.30986350e-15,  5.93042206e-15,
        6.95141106e-14, -2.32200062e-13,  1.19890213e-12,  3.25824832e-11,
       -6.51995212e-11,  1.62148339e-10, -2.38075083e-10, -5.42674887e-08,
        3.88934104e-07,  7.14534021e-06,  9.61332492e-05,  4.75778251e-03,
       -5.79964595e-03,  7.35933835e-02, -1.01447719e-01,  9.92086736e-01,
       -3.02497947e-20]))","[0, 1]",0.016190882252631322,"[array([-1.23392803,  1.12513944])]","('non-match', 'NO_MATCH_WITH_FOIL')",0.0903
